ID_Cliente,cuit,nombre_cliente,herramienta,usa_herramienta,gerente_responsable
1,30717579360,Spotify,NFE Alert,True,Gabriel Alvarado
1,30717579360,Spotify,Acrobat Tools,True,Gabriel Alvarado
1,30717579360,Spotify,Permisos de Embarque MOA Reingeniería,False,Gabriel Alvarado
1,30717579360,Spotify,Calendarios Impositivos,True,Gabriel Alvarado
1,30717579360,Spotify,Padrones Impositivos - ComplyPro,True,Gabriel Alvarado
1,30717579360,Spotify,Control de duplicados - ComplyPro,False,Gabriel Alvarado
1,30717579360,Spotify,Sumarizacion y control por totales - ComplyPro,False,Gabriel Alvarado
1,30717579360,Spotify,Control de correlatividad - ComplyPro,False,Gabriel Alvarado
1,30717579360,Spotify,Identificacion de registros faltantes - ComplyPro,False,Gabriel Alvarado
1,30717579360,Spotify,Conciliacion de Deducciones - ComplyPro,True,Gabriel Alvarado
1,30717579360,Spotify,Descarga de deducciones - ComplyPro,False,Gabriel Alvarado
2,30702022165,Verizon,NFE Alert,True,Gabriel Alvarado
2,30702022165,Verizon,Acrobat Tools,True,Gabriel Alvarado
2,30702022165,Verizon,Permisos de Embarque MOA Reingeniería,False,Gabriel Alvarado
2,30702022165,Verizon,Calendarios Impositivos,True,Gabriel Alvarado
2,30702022165,Verizon,Padrones Impositivos - ComplyPro,True,Gabriel Alvarado
2,30702022165,Verizon,Control de duplicados - ComplyPro,False,Gabriel Alvarado
2,30702022165,Verizon,Sumarizacion y control por totales - ComplyPro,False,Gabriel Alvarado
2,30702022165,Verizon,Control de correlatividad - ComplyPro,False,Gabriel Alvarado
2,30702022165,Verizon,Identificacion de registros faltantes - ComplyPro,False,Gabriel Alvarado
2,30702022165,Verizon,Conciliacion de Deducciones - ComplyPro,True,Gabriel Alvarado
2,30702022165,Verizon,Descarga de deducciones - ComplyPro,False,Gabriel Alvarado
3,30686513072,PPG,NFE Alert,False,Gabriel Alvarado
3,30686513072,PPG,Acrobat Tools,True,Gabriel Alvarado
3,30686513072,PPG,Permisos de Embarque MOA Reingeniería,False,Gabriel Alvarado
3,30686513072,PPG,Calendarios Impositivos,True,Gabriel Alvarado
3,30686513072,PPG,Padrones Impositivos - ComplyPro,True,Gabriel Alvarado
3,30686513072,PPG,Control de duplicados - ComplyPro,False,Gabriel Alvarado
3,30686513072,PPG,Sumarizacion y control por totales - ComplyPro,False,Gabriel Alvarado
3,30686513072,PPG,Control de correlatividad - ComplyPro,False,Gabriel Alvarado
3,30686513072,PPG,Identificacion de registros faltantes - ComplyPro,False,Gabriel Alvarado
3,30686513072,PPG,Conciliacion de Deducciones - ComplyPro,True,Gabriel Alvarado
3,30686513072,PPG,Descarga de deducciones - ComplyPro,False,Gabriel Alvarado
4,30717579360,Spotify,NFE Alert,False,Gabriel Alvarado
4,30717579360,Spotify,Acrobat Tools,True,Gabriel Alvarado
4,30717579360,Spotify,Permisos de Embarque MOA Reingeniería,False,Gabriel Alvarado
4,30717579360,Spotify,Calendarios Impositivos,True,Gabriel Alvarado
4,30717579360,Spotify,Padrones Impositivos - ComplyPro,True,Gabriel Alvarado
4,30717579360,Spotify,Control de duplicados - ComplyPro,False,Gabriel Alvarado
4,30717579360,Spotify,Sumarizacion y control por totales - ComplyPro,False,Gabriel Alvarado
4,30717579360,Spotify,Control de correlatividad - ComplyPro,False,Gabriel Alvarado
4,30717579360,Spotify,Identificacion de registros faltantes - ComplyPro,False,Gabriel Alvarado
4,30717579360,Spotify,Conciliacion de Deducciones - ComplyPro,True,Gabriel Alvarado
4,30717579360,Spotify,Descarga de deducciones - ComplyPro,False,Gabriel Alvarado
5,30515772819,INDUNOR,NFE Alert,False,Gabriel Alvarado
5,30515772819,INDUNOR,Acrobat Tools,True,Gabriel Alvarado
5,30515772819,INDUNOR,Permisos de Embarque MOA Reingeniería,False,Gabriel Alvarado
5,30515772819,INDUNOR,Calendarios Impositivos,True,Gabriel Alvarado
5,30515772819,INDUNOR,Padrones Impositivos - ComplyPro,True,Gabriel Alvarado
5,30515772819,INDUNOR,Control de duplicados - ComplyPro,False,Gabriel Alvarado
5,30515772819,INDUNOR,Sumarizacion y control por totales - ComplyPro,False,Gabriel Alvarado
5,30515772819,INDUNOR,Control de correlatividad - ComplyPro,False,Gabriel Alvarado
5,30515772819,INDUNOR,Identificacion de registros faltantes - ComplyPro,False,Gabriel Alvarado
5,30515772819,INDUNOR,Conciliacion de Deducciones - ComplyPro,True,Gabriel Alvarado
5,30515772819,INDUNOR,Descarga de deducciones - ComplyPro,False,Gabriel Alvarado
6,30618725320,Cerro Vanguardia,NFE Alert,False,Gabriel Alvarado
6,30618725320,Cerro Vanguardia,Acrobat Tools,True,Gabriel Alvarado
6,30618725320,Cerro Vanguardia,Permisos de Embarque MOA Reingeniería,False,Gabriel Alvarado
6,30618725320,Cerro Vanguardia,Calendarios Impositivos,True,Gabriel Alvarado
6,30618725320,Cerro Vanguardia,Padrones Impositivos - ComplyPro,True,Gabriel Alvarado
6,30618725320,Cerro Vanguardia,Control de duplicados - ComplyPro,False,Gabriel Alvarado
6,30618725320,Cerro Vanguardia,Sumarizacion y control por totales - ComplyPro,False,Gabriel Alvarado
6,30618725320,Cerro Vanguardia,Control de correlatividad - ComplyPro,False,Gabriel Alvarado
6,30618725320,Cerro Vanguardia,Identificacion de registros faltantes - ComplyPro,False,Gabriel Alvarado
6,30618725320,Cerro Vanguardia,Conciliacion de Deducciones - ComplyPro,True,Gabriel Alvarado
6,30618725320,Cerro Vanguardia,Descarga de deducciones - ComplyPro,False,Gabriel Alvarado
7,30717072231,Kyndryl,NFE Alert,False,Gabriel Alvarado
7,30717072231,Kyndryl,Acrobat Tools,True,Gabriel Alvarado
7,30717072231,Kyndryl,Permisos de Embarque MOA Reingeniería,False,Gabriel Alvarado
7,30717072231,Kyndryl,Calendarios Impositivos,True,Gabriel Alvarado
7,30717072231,Kyndryl,Padrones Impositivos - ComplyPro,True,Gabriel Alvarado
7,30717072231,Kyndryl,Control de duplicados - ComplyPro,False,Gabriel Alvarado
7,30717072231,Kyndryl,Sumarizacion y control por totales - ComplyPro,False,Gabriel Alvarado
7,30717072231,Kyndryl,Control de correlatividad - ComplyPro,False,Gabriel Alvarado
7,30717072231,Kyndryl,Identificacion de registros faltantes - ComplyPro,False,Gabriel Alvarado
7,30717072231,Kyndryl,Conciliacion de Deducciones - ComplyPro,True,Gabriel Alvarado
7,30717072231,Kyndryl,Descarga de deducciones - ComplyPro,False,Gabriel Alvarado
8,30700869918,Bunge,NFE Alert,False,Gabriel Alvarado
8,30700869918,Bunge,Acrobat Tools,True,Gabriel Alvarado
8,30700869918,Bunge,Permisos de Embarque MOA Reingeniería,True,Gabriel Alvarado
8,30700869918,Bunge,Calendarios Impositivos,False,Gabriel Alvarado
8,30700869918,Bunge,Padrones Impositivos - ComplyPro,False,Gabriel Alvarado
8,30700869918,Bunge,Control de duplicados - ComplyPro,False,Gabriel Alvarado
8,30700869918,Bunge,Sumarizacion y control por totales - ComplyPro,False,Gabriel Alvarado
8,30700869918,Bunge,Control de correlatividad - ComplyPro,False,Gabriel Alvarado
8,30700869918,Bunge,Identificacion de registros faltantes - ComplyPro,False,Gabriel Alvarado
8,30700869918,Bunge,Conciliacion de Deducciones - ComplyPro,False,Gabriel Alvarado
8,30700869918,Bunge,Descarga de deducciones - ComplyPro,False,Gabriel Alvarado
9,30584688455,Copetro,NFE Alert,False,Gabriel Alvarado
9,30584688455,Copetro,Acrobat Tools,True,Gabriel Alvarado
9,30584688455,Copetro,Permisos de Embarque MOA Reingeniería,False,Gabriel Alvarado
9,30584688455,Copetro,Calendarios Impositivos,False,Gabriel Alvarado
9,30584688455,Copetro,Padrones Impositivos - ComplyPro,False,Gabriel Alvarado
9,30584688455,Copetro,Control de duplicados - ComplyPro,False,Gabriel Alvarado
9,30584688455,Copetro,Sumarizacion y control por totales - ComplyPro,False,Gabriel Alvarado
9,30584688455,Copetro,Control de correlatividad - ComplyPro,False,Gabriel Alvarado
9,30584688455,Copetro,Identificacion de registros faltantes - ComplyPro,False,Gabriel Alvarado
9,30584688455,Copetro,Conciliacion de Deducciones - ComplyPro,False,Gabriel Alvarado
9,30584688455,Copetro,Descarga de deducciones - ComplyPro,False,Gabriel Alvarado
10,30661921966,Origenes Afjp,NFE Alert,False,Gabriel Alvarado
10,30661921966,Origenes Afjp,Acrobat Tools,True,Belen Chaves
10,30661921966,Origenes Afjp,Permisos de Embarque MOA Reingeniería,False,Belen Chaves
10,30661921966,Origenes Afjp,Calendarios Impositivos,True,Belen Chaves
10,30661921966,Origenes Afjp,Padrones Impositivos - ComplyPro,True,Belen Chaves
10,30661921966,Origenes Afjp,Control de duplicados - ComplyPro,False,Belen Chaves
10,30661921966,Origenes Afjp,Sumarizacion y control por totales - ComplyPro,False,Belen Chaves
10,30661921966,Origenes Afjp,Control de correlatividad - ComplyPro,False,Belen Chaves
10,30661921966,Origenes Afjp,Identificacion de registros faltantes - ComplyPro,False,Belen Chaves
10,30661921966,Origenes Afjp,Conciliacion de Deducciones - ComplyPro,True,Belen Chaves
10,30661921966,Origenes Afjp,Descarga de deducciones - ComplyPro,False,Belen Chaves
11,30716994550,FUNDACION TGS,NFE Alert,True,Belen Chaves
11,30716994550,FUNDACION TGS,Acrobat Tools,False,Belen Chaves
11,30716994550,FUNDACION TGS,Permisos de Embarque MOA Reingeniería,False,Belen Chaves
11,30716994550,FUNDACION TGS,Calendarios Impositivos,False,Belen Chaves
11,30716994550,FUNDACION TGS,Padrones Impositivos - ComplyPro,False,Belen Chaves
11,30716994550,FUNDACION TGS,Control de duplicados - ComplyPro,False,Belen Chaves
11,30716994550,FUNDACION TGS,Sumarizacion y control por totales - ComplyPro,False,Belen Chaves
11,30716994550,FUNDACION TGS,Control de correlatividad - ComplyPro,False,Belen Chaves
11,30716994550,FUNDACION TGS,Identificacion de registros faltantes - ComplyPro,False,Belen Chaves
11,30716994550,FUNDACION TGS,Conciliacion de Deducciones - ComplyPro,False,Belen Chaves
11,30716994550,FUNDACION TGS,Descarga de deducciones - ComplyPro,False,Belen Chaves
12,30707567607,GAS LINK S.A,NFE Alert,True,Belen Chaves
12,30707567607,GAS LINK S.A,Acrobat Tools,False,Belen Chaves
12,30707567607,GAS LINK S.A,Permisos de Embarque MOA Reingeniería,False,Belen Chaves
12,30707567607,GAS LINK S.A,Calendarios Impositivos,False,Belen Chaves
12,30707567607,GAS LINK S.A,Padrones Impositivos - ComplyPro,False,Belen Chaves
12,30707567607,GAS LINK S.A,Control de duplicados - ComplyPro,False,Belen Chaves
12,30707567607,GAS LINK S.A,Sumarizacion y control por totales - ComplyPro,False,Belen Chaves
12,30707567607,GAS LINK S.A,Control de correlatividad - ComplyPro,False,Belen Chaves
12,30707567607,GAS LINK S.A,Identificacion de registros faltantes - ComplyPro,False,Belen Chaves
12,30707567607,GAS LINK S.A,Conciliacion de Deducciones - ComplyPro,False,Belen Chaves
12,30707567607,GAS LINK S.A,Descarga de deducciones - ComplyPro,False,Belen Chaves
13,30707570144,MAGNETI MARELLI CONJ.DE ESCAPE S.A,NFE Alert,True,Belen Chaves
13,30707570144,MAGNETI MARELLI CONJ.DE ESCAPE S.A,Acrobat Tools,False,Belen Chaves
13,30707570144,MAGNETI MARELLI CONJ.DE ESCAPE S.A,Permisos de Embarque MOA Reingeniería,False,Belen Chaves
13,30707570144,MAGNETI MARELLI CONJ.DE ESCAPE S.A,Calendarios Impositivos,False,Belen Chaves
13,30707570144,MAGNETI MARELLI CONJ.DE ESCAPE S.A,Padrones Impositivos - ComplyPro,False,Belen Chaves
13,30707570144,MAGNETI MARELLI CONJ.DE ESCAPE S.A,Control de duplicados - ComplyPro,False,Belen Chaves
13,30707570144,MAGNETI MARELLI CONJ.DE ESCAPE S.A,Sumarizacion y control por totales - ComplyPro,False,Belen Chaves
13,30707570144,MAGNETI MARELLI CONJ.DE ESCAPE S.A,Control de correlatividad - ComplyPro,False,Belen Chaves
13,30707570144,MAGNETI MARELLI CONJ.DE ESCAPE S.A,Identificacion de registros faltantes - ComplyPro,False,Belen Chaves
13,30707570144,MAGNETI MARELLI CONJ.DE ESCAPE S.A,Conciliacion de Deducciones - ComplyPro,False,Belen Chaves
13,30707570144,MAGNETI MARELLI CONJ.DE ESCAPE S.A,Descarga de deducciones - ComplyPro,False,Belen Chaves
14,30707570136,MAGNETI MARELLI REPUESTOS S.A,NFE Alert,True,Belen Chaves
14,30707570136,MAGNETI MARELLI REPUESTOS S.A,Acrobat Tools,False,Belen Chaves
14,30707570136,MAGNETI MARELLI REPUESTOS S.A,Permisos de Embarque MOA Reingeniería,False,Belen Chaves
14,30707570136,MAGNETI MARELLI REPUESTOS S.A,Calendarios Impositivos,False,Belen Chaves
14,30707570136,MAGNETI MARELLI REPUESTOS S.A,Padrones Impositivos - ComplyPro,False,Belen Chaves
14,30707570136,MAGNETI MARELLI REPUESTOS S.A,Control de duplicados - ComplyPro,False,Belen Chaves
14,30707570136,MAGNETI MARELLI REPUESTOS S.A,Sumarizacion y control por totales - ComplyPro,False,Belen Chaves
14,30707570136,MAGNETI MARELLI REPUESTOS S.A,Control de correlatividad - ComplyPro,False,Belen Chaves
14,30707570136,MAGNETI MARELLI REPUESTOS S.A,Identificacion de registros faltantes - ComplyPro,False,Belen Chaves
14,30707570136,MAGNETI MARELLI REPUESTOS S.A,Conciliacion de Deducciones - ComplyPro,False,Belen Chaves
14,30707570136,MAGNETI MARELLI REPUESTOS S.A,Descarga de deducciones - ComplyPro,False,Belen Chaves
15,30698406344,TELCOSUR S.A,NFE Alert,True,Belen Chaves
15,30698406344,TELCOSUR S.A,Acrobat Tools,False,Belen Chaves
15,30698406344,TELCOSUR S.A,Permisos de Embarque MOA Reingeniería,False,Belen Chaves
15,30698406344,TELCOSUR S.A,Calendarios Impositivos,False,Belen Chaves
15,30698406344,TELCOSUR S.A,Padrones Impositivos - ComplyPro,False,Belen Chaves
15,30698406344,TELCOSUR S.A,Control de duplicados - ComplyPro,False,Belen Chaves
15,30698406344,TELCOSUR S.A,Sumarizacion y control por totales - ComplyPro,False,Belen Chaves
15,30698406344,TELCOSUR S.A,Control de correlatividad - ComplyPro,False,Belen Chaves
15,30698406344,TELCOSUR S.A,Identificacion de registros faltantes - ComplyPro,False,Belen Chaves
15,30698406344,TELCOSUR S.A,Conciliacion de Deducciones - ComplyPro,False,Belen Chaves
15,30698406344,TELCOSUR S.A,Descarga de deducciones - ComplyPro,False,Belen Chaves
16,30657862068,TRANSPORTADORA DE GAS DEL SUR S.A,NFE Alert,True,Belen Chaves
16,30657862068,TRANSPORTADORA DE GAS DEL SUR S.A,Acrobat Tools,False,Belen Chaves
16,30657862068,TRANSPORTADORA DE GAS DEL SUR S.A,Permisos de Embarque MOA Reingeniería,False,Belen Chaves
16,30657862068,TRANSPORTADORA DE GAS DEL SUR S.A,Calendarios Impositivos,False,Belen Chaves
16,30657862068,TRANSPORTADORA DE GAS DEL SUR S.A,Padrones Impositivos - ComplyPro,False,Belen Chaves
16,30657862068,TRANSPORTADORA DE GAS DEL SUR S.A,Control de duplicados - ComplyPro,False,Belen Chaves
16,30657862068,TRANSPORTADORA DE GAS DEL SUR S.A,Sumarizacion y control por totales - ComplyPro,False,Belen Chaves
16,30657862068,TRANSPORTADORA DE GAS DEL SUR S.A,Control de correlatividad - ComplyPro,False,Belen Chaves
16,30657862068,TRANSPORTADORA DE GAS DEL SUR S.A,Identificacion de registros faltantes - ComplyPro,False,Belen Chaves
16,30657862068,TRANSPORTADORA DE GAS DEL SUR S.A,Conciliacion de Deducciones - ComplyPro,False,Belen Chaves
16,30657862068,TRANSPORTADORA DE GAS DEL SUR S.A,Descarga de deducciones - ComplyPro,False,Belen Chaves
17,30715629611,ULTRAGENYX ARGENTINA S.R.L,NFE Alert,True,Belen Chaves
17,30715629611,ULTRAGENYX ARGENTINA S.R.L,Acrobat Tools,False,Belen Chaves
17,30715629611,ULTRAGENYX ARGENTINA S.R.L,Permisos de Embarque MOA Reingeniería,False,Belen Chaves
17,30715629611,ULTRAGENYX ARGENTINA S.R.L,Calendarios Impositivos,False,Belen Chaves
17,30715629611,ULTRAGENYX ARGENTINA S.R.L,Padrones Impositivos - ComplyPro,False,Belen Chaves
17,30715629611,ULTRAGENYX ARGENTINA S.R.L,Control de duplicados - ComplyPro,False,Belen Chaves
17,30715629611,ULTRAGENYX ARGENTINA S.R.L,Sumarizacion y control por totales - ComplyPro,False,Belen Chaves
17,30715629611,ULTRAGENYX ARGENTINA S.R.L,Control de correlatividad - ComplyPro,False,Belen Chaves
17,30715629611,ULTRAGENYX ARGENTINA S.R.L,Identificacion de registros faltantes - ComplyPro,False,Belen Chaves
17,30715629611,ULTRAGENYX ARGENTINA S.R.L,Conciliacion de Deducciones - ComplyPro,False,Belen Chaves
17,30715629611,ULTRAGENYX ARGENTINA S.R.L,Descarga de deducciones - ComplyPro,False,Belen Chaves
18,00000000001,INDUSTRIAS LEAR DE ARGENTINA S.R.L.,NFE Alert,False,Virginia Fasolis
18,00000000001,INDUSTRIAS LEAR DE ARGENTINA S.R.L.,Acrobat Tools,False,Virginia Fasolis
18,00000000001,INDUSTRIAS LEAR DE ARGENTINA S.R.L.,Permisos de Embarque MOA Reingeniería,False,Virginia Fasolis
18,00000000001,INDUSTRIAS LEAR DE ARGENTINA S.R.L.,Calendarios Impositivos,False,Virginia Fasolis
18,00000000001,INDUSTRIAS LEAR DE ARGENTINA S.R.L.,Padrones Impositivos - ComplyPro,False,Virginia Fasolis
18,00000000001,INDUSTRIAS LEAR DE ARGENTINA S.R.L.,Control de duplicados - ComplyPro,False,Virginia Fasolis
18,00000000001,INDUSTRIAS LEAR DE ARGENTINA S.R.L.,Sumarizacion y control por totales - ComplyPro,False,Virginia Fasolis
18,00000000001,INDUSTRIAS LEAR DE ARGENTINA S.R.L.,Control de correlatividad - ComplyPro,False,Virginia Fasolis
18,00000000001,INDUSTRIAS LEAR DE ARGENTINA S.R.L.,Identificacion de registros faltantes - ComplyPro,False,Virginia Fasolis
18,00000000001,INDUSTRIAS LEAR DE ARGENTINA S.R.L.,Conciliacion de Deducciones - ComplyPro,False,Virginia Fasolis
18,00000000001,INDUSTRIAS LEAR DE ARGENTINA S.R.L.,Descarga de deducciones - ComplyPro,False,Virginia Fasolis
19,30714445061,AUTH0,NFE Alert,False,Virginia Fasolis
19,30714445061,AUTH0,Acrobat Tools,False,Virginia Fasolis
19,30714445061,AUTH0,Permisos de Embarque MOA Reingeniería,False,Virginia Fasolis
19,30714445061,AUTH0,Calendarios Impositivos,False,Virginia Fasolis
19,30714445061,AUTH0,Padrones Impositivos - ComplyPro,False,Virginia Fasolis
19,30714445061,AUTH0,Control de duplicados - ComplyPro,False,Virginia Fasolis
19,30714445061,AUTH0,Sumarizacion y control por totales - ComplyPro,False,Virginia Fasolis
19,30714445061,AUTH0,Control de correlatividad - ComplyPro,False,Virginia Fasolis
19,30714445061,AUTH0,Identificacion de registros faltantes - ComplyPro,False,Virginia Fasolis
19,30714445061,AUTH0,Conciliacion de Deducciones - ComplyPro,False,Virginia Fasolis
19,30714445061,AUTH0,Descarga de deducciones - ComplyPro,False,Virginia Fasolis
20,30685140221,adidas Argentina S.A.,NFE Alert,True,Virginia Fasolis
20,30685140221,adidas Argentina S.A.,Acrobat Tools,False,Virginia Fasolis
20,30685140221,adidas Argentina S.A.,Permisos de Embarque MOA Reingeniería,False,Virginia Fasolis
20,30685140221,adidas Argentina S.A.,Calendarios Impositivos,False,Virginia Fasolis
20,30685140221,adidas Argentina S.A.,Padrones Impositivos - ComplyPro,False,Virginia Fasolis
20,30685140221,adidas Argentina S.A.,Control de duplicados - ComplyPro,False,Virginia Fasolis
20,30685140221,adidas Argentina S.A.,Sumarizacion y control por totales - ComplyPro,False,Virginia Fasolis
20,30685140221,adidas Argentina S.A.,Control de correlatividad - ComplyPro,False,Virginia Fasolis
20,30685140221,adidas Argentina S.A.,Identificacion de registros faltantes - ComplyPro,False,Virginia Fasolis
20,30685140221,adidas Argentina S.A.,Conciliacion de Deducciones - ComplyPro,False,Virginia Fasolis
20,30685140221,adidas Argentina S.A.,Descarga de deducciones - ComplyPro,False,Virginia Fasolis
21,00000000004,Reebok Argentina SA,NFE Alert,False,Virginia Fasolis
21,00000000004,Reebok Argentina SA,Acrobat Tools,False,Virginia Fasolis
21,00000000004,Reebok Argentina SA,Permisos de Embarque MOA Reingeniería,False,Virginia Fasolis
21,00000000004,Reebok Argentina SA,Calendarios Impositivos,False,Virginia Fasolis
21,00000000004,Reebok Argentina SA,Padrones Impositivos - ComplyPro,False,Virginia Fasolis
21,00000000004,Reebok Argentina SA,Control de duplicados - ComplyPro,False,Virginia Fasolis
21,00000000004,Reebok Argentina SA,Sumarizacion y control por totales - ComplyPro,False,Virginia Fasolis
21,00000000004,Reebok Argentina SA,Control de correlatividad - ComplyPro,False,Virginia Fasolis
21,00000000004,Reebok Argentina SA,Identificacion de registros faltantes - ComplyPro,False,Virginia Fasolis
21,00000000004,Reebok Argentina SA,Conciliacion de Deducciones - ComplyPro,False,Virginia Fasolis
21,00000000004,Reebok Argentina SA,Descarga de deducciones - ComplyPro,False,Virginia Fasolis
22,30712132554,Facebook Argentina,NFE Alert,True,Nicolas Mendez
22,30712132554,Facebook Argentina,Acrobat Tools,True,Nicolas Mendez
22,30712132554,Facebook Argentina,Permisos de Embarque MOA Reingeniería,False,Nicolas Mendez
22,30712132554,Facebook Argentina,Calendarios Impositivos,False,Nicolas Mendez
22,30712132554,Facebook Argentina,Padrones Impositivos - ComplyPro,False,Nicolas Mendez
22,30712132554,Facebook Argentina,Control de duplicados - ComplyPro,False,Nicolas Mendez
22,30712132554,Facebook Argentina,Sumarizacion y control por totales - ComplyPro,False,Nicolas Mendez
22,30712132554,Facebook Argentina,Control de correlatividad - ComplyPro,False,Nicolas Mendez
22,30712132554,Facebook Argentina,Identificacion de registros faltantes - ComplyPro,False,Nicolas Mendez
22,30712132554,Facebook Argentina,Conciliacion de Deducciones - ComplyPro,False,Nicolas Mendez
22,30712132554,Facebook Argentina,Descarga de deducciones - ComplyPro,False,Nicolas Mendez
23,30714604356,Edge Argentina,NFE Alert,True,Nicolas Mendez
23,30714604356,Edge Argentina,Acrobat Tools,True,Nicolas Mendez
23,30714604356,Edge Argentina,Permisos de Embarque MOA Reingeniería,False,Nicolas Mendez
23,30714604356,Edge Argentina,Calendarios Impositivos,False,Nicolas Mendez
23,30714604356,Edge Argentina,Padrones Impositivos - ComplyPro,False,Nicolas Mendez
23,30714604356,Edge Argentina,Control de duplicados - ComplyPro,False,Nicolas Mendez
23,30714604356,Edge Argentina,Sumarizacion y control por totales - ComplyPro,False,Nicolas Mendez
23,30714604356,Edge Argentina,Control de correlatividad - ComplyPro,False,Nicolas Mendez
23,30714604356,Edge Argentina,Identificacion de registros faltantes - ComplyPro,False,Nicolas Mendez
23,30714604356,Edge Argentina,Conciliacion de Deducciones - ComplyPro,False,Nicolas Mendez
23,30714604356,Edge Argentina,Descarga de deducciones - ComplyPro,False,Nicolas Mendez
24,30716198355,Akamai Argentina,NFE Alert,False,Nicolas Mendez
24,30716198355,Akamai Argentina,Acrobat Tools,True,Nicolas Mendez
24,30716198355,Akamai Argentina,Permisos de Embarque MOA Reingeniería,False,Nicolas Mendez
24,30716198355,Akamai Argentina,Calendarios Impositivos,True,Nicolas Mendez
24,30716198355,Akamai Argentina,Padrones Impositivos - ComplyPro,False,Nicolas Mendez
24,30716198355,Akamai Argentina,Control de duplicados - ComplyPro,False,Nicolas Mendez
24,30716198355,Akamai Argentina,Sumarizacion y control por totales - ComplyPro,False,Nicolas Mendez
24,30716198355,Akamai Argentina,Control de correlatividad - ComplyPro,False,Nicolas Mendez
24,30716198355,Akamai Argentina,Identificacion de registros faltantes - ComplyPro,False,Nicolas Mendez
24,30716198355,Akamai Argentina,Conciliacion de Deducciones - ComplyPro,False,Nicolas Mendez
24,30716198355,Akamai Argentina,Descarga de deducciones - ComplyPro,False,Nicolas Mendez
25,30688415531,Maersk Line Argentina,NFE Alert,False,Nicolas Mendez
25,30688415531,Maersk Line Argentina,Acrobat Tools,True,Nicolas Mendez
25,30688415531,Maersk Line Argentina,Permisos de Embarque MOA Reingeniería,False,Nicolas Mendez
25,30688415531,Maersk Line Argentina,Calendarios Impositivos,True,Nicolas Mendez
25,30688415531,Maersk Line Argentina,Padrones Impositivos - ComplyPro,False,Nicolas Mendez
25,30688415531,Maersk Line Argentina,Control de duplicados - ComplyPro,False,Nicolas Mendez
25,30688415531,Maersk Line Argentina,Sumarizacion y control por totales - ComplyPro,False,Nicolas Mendez
25,30688415531,Maersk Line Argentina,Control de correlatividad - ComplyPro,False,Nicolas Mendez
25,30688415531,Maersk Line Argentina,Identificacion de registros faltantes - ComplyPro,False,Nicolas Mendez
25,30688415531,Maersk Line Argentina,Conciliacion de Deducciones - ComplyPro,False,Nicolas Mendez
25,30688415531,Maersk Line Argentina,Descarga de deducciones - ComplyPro,False,Nicolas Mendez
26,30572530996,Delaval,NFE Alert,False,Nicolas Mendez
26,30572530996,Delaval,Acrobat Tools,True,Nicolas Mendez
26,30572530996,Delaval,Permisos de Embarque MOA Reingeniería,False,Nicolas Mendez
26,30572530996,Delaval,Calendarios Impositivos,True,Nicolas Mendez
26,30572530996,Delaval,Padrones Impositivos - ComplyPro,True,Nicolas Mendez
26,30572530996,Delaval,Control de duplicados - ComplyPro,False,Nicolas Mendez
26,30572530996,Delaval,Sumarizacion y control por totales - ComplyPro,False,Nicolas Mendez
26,30572530996,Delaval,Control de correlatividad - ComplyPro,False,Nicolas Mendez
26,30572530996,Delaval,Identificacion de registros faltantes - ComplyPro,False,Nicolas Mendez
26,30572530996,Delaval,Conciliacion de Deducciones - ComplyPro,False,Nicolas Mendez
26,30572530996,Delaval,Descarga de deducciones - ComplyPro,False,Nicolas Mendez
27,30691216361,EUROP,NFE Alert,True,Mariana Sindas
27,30691216361,EUROP,Acrobat Tools,True,Mariana Sindas
27,30691216361,EUROP,Permisos de Embarque MOA Reingeniería,False,Mariana Sindas
27,30691216361,EUROP,Calendarios Impositivos,True,Mariana Sindas
27,30691216361,EUROP,Padrones Impositivos - ComplyPro,True,Mariana Sindas
27,30691216361,EUROP,Control de duplicados - ComplyPro,False,Mariana Sindas
27,30691216361,EUROP,Sumarizacion y control por totales - ComplyPro,False,Mariana Sindas
27,30691216361,EUROP,Control de correlatividad - ComplyPro,False,Mariana Sindas
27,30691216361,EUROP,Identificacion de registros faltantes - ComplyPro,False,Mariana Sindas
27,30691216361,EUROP,Conciliacion de Deducciones - ComplyPro,False,Mariana Sindas
27,30691216361,EUROP,Descarga de deducciones - ComplyPro,False,Mariana Sindas
28,30714349135,BRITISH COUNCIL,NFE Alert,True,Mariana Sindas
28,30714349135,BRITISH COUNCIL,Acrobat Tools,True,Mariana Sindas
28,30714349135,BRITISH COUNCIL,Permisos de Embarque MOA Reingeniería,False,Mariana Sindas
28,30714349135,BRITISH COUNCIL,Calendarios Impositivos,True,Mariana Sindas
28,30714349135,BRITISH COUNCIL,Padrones Impositivos - ComplyPro,False,Mariana Sindas
28,30714349135,BRITISH COUNCIL,Control de duplicados - ComplyPro,False,Mariana Sindas
28,30714349135,BRITISH COUNCIL,Sumarizacion y control por totales - ComplyPro,False,Mariana Sindas
28,30714349135,BRITISH COUNCIL,Control de correlatividad - ComplyPro,False,Mariana Sindas
28,30714349135,BRITISH COUNCIL,Identificacion de registros faltantes - ComplyPro,False,Mariana Sindas
28,30714349135,BRITISH COUNCIL,Conciliacion de Deducciones - ComplyPro,False,Mariana Sindas
28,30714349135,BRITISH COUNCIL,Descarga de deducciones - ComplyPro,False,Mariana Sindas
29,30709724912,BIOGEN,NFE Alert,False,Mariana Sindas
29,30709724912,BIOGEN,Acrobat Tools,True,Mariana Sindas
29,30709724912,BIOGEN,Permisos de Embarque MOA Reingeniería,False,Mariana Sindas
29,30709724912,BIOGEN,Calendarios Impositivos,True,Mariana Sindas
29,30709724912,BIOGEN,Padrones Impositivos - ComplyPro,True,Mariana Sindas
29,30709724912,BIOGEN,Control de duplicados - ComplyPro,False,Mariana Sindas
29,30709724912,BIOGEN,Sumarizacion y control por totales - ComplyPro,False,Mariana Sindas
29,30709724912,BIOGEN,Control de correlatividad - ComplyPro,False,Mariana Sindas
29,30709724912,BIOGEN,Identificacion de registros faltantes - ComplyPro,False,Mariana Sindas
29,30709724912,BIOGEN,Conciliacion de Deducciones - ComplyPro,False,Mariana Sindas
29,30709724912,BIOGEN,Descarga de deducciones - ComplyPro,False,Mariana Sindas
30,30716463407,SHPP,NFE Alert,False,Mariana Sindas
30,30716463407,SHPP,Acrobat Tools,True,Mariana Sindas
30,30716463407,SHPP,Permisos de Embarque MOA Reingeniería,False,Mariana Sindas
30,30716463407,SHPP,Calendarios Impositivos,False,Mariana Sindas
30,30716463407,SHPP,Padrones Impositivos - ComplyPro,False,Mariana Sindas
30,30716463407,SHPP,Control de duplicados - ComplyPro,False,Mariana Sindas
30,30716463407,SHPP,Sumarizacion y control por totales - ComplyPro,False,Mariana Sindas
30,30716463407,SHPP,Control de correlatividad - ComplyPro,False,Mariana Sindas
30,30716463407,SHPP,Identificacion de registros faltantes - ComplyPro,False,Mariana Sindas
30,30716463407,SHPP,Conciliacion de Deducciones - ComplyPro,False,Mariana Sindas
30,30716463407,SHPP,Descarga de deducciones - ComplyPro,False,Mariana Sindas
31,00000000009,SONY,NFE Alert,False,Mariana Sindas
31,00000000009,SONY,Acrobat Tools,True,Mariana Sindas
31,00000000009,SONY,Permisos de Embarque MOA Reingeniería,False,Mariana Sindas
31,00000000009,SONY,Calendarios Impositivos,True,Mariana Sindas
31,00000000009,SONY,Padrones Impositivos - ComplyPro,True,Mariana Sindas
31,00000000009,SONY,Control de duplicados - ComplyPro,False,Mariana Sindas
31,00000000009,SONY,Sumarizacion y control por totales - ComplyPro,False,Mariana Sindas
31,00000000009,SONY,Control de correlatividad - ComplyPro,False,Mariana Sindas
31,00000000009,SONY,Identificacion de registros faltantes - ComplyPro,False,Mariana Sindas
31,00000000009,SONY,Conciliacion de Deducciones - ComplyPro,False,Mariana Sindas
31,00000000009,SONY,Descarga de deducciones - ComplyPro,True,Mariana Sindas
32,00000000010,HP,NFE Alert,False,Mariana Sindas
32,00000000010,HP,Acrobat Tools,True,Mariana Sindas
32,00000000010,HP,Permisos de Embarque MOA Reingeniería,False,Mariana Sindas
32,00000000010,HP,Calendarios Impositivos,True,Mariana Sindas
32,00000000010,HP,Padrones Impositivos - ComplyPro,False,Mariana Sindas
32,00000000010,HP,Control de duplicados - ComplyPro,False,Mariana Sindas
32,00000000010,HP,Sumarizacion y control por totales - ComplyPro,False,Mariana Sindas
32,00000000010,HP,Control de correlatividad - ComplyPro,False,Mariana Sindas
32,00000000010,HP,Identificacion de registros faltantes - ComplyPro,False,Mariana Sindas
32,00000000010,HP,Conciliacion de Deducciones - ComplyPro,False,Mariana Sindas
32,00000000010,HP,Descarga de deducciones - ComplyPro,False,Mariana Sindas
33,00000000011,LINKEDTORE,NFE Alert,False,Mariana Sindas
33,00000000011,LINKEDTORE,Acrobat Tools,False,Mariana Sindas
33,00000000011,LINKEDTORE,Permisos de Embarque MOA Reingeniería,False,Mariana Sindas
33,00000000011,LINKEDTORE,Calendarios Impositivos,True,Mariana Sindas
33,00000000011,LINKEDTORE,Padrones Impositivos - ComplyPro,False,Mariana Sindas
33,00000000011,LINKEDTORE,Control de duplicados - ComplyPro,False,Mariana Sindas
33,00000000011,LINKEDTORE,Sumarizacion y control por totales - ComplyPro,False,Mariana Sindas
33,00000000011,LINKEDTORE,Control de correlatividad - ComplyPro,False,Mariana Sindas
33,00000000011,LINKEDTORE,Identificacion de registros faltantes - ComplyPro,False,Mariana Sindas
33,00000000011,LINKEDTORE,Conciliacion de Deducciones - ComplyPro,False,Mariana Sindas
33,00000000011,LINKEDTORE,Descarga de deducciones - ComplyPro,False,Mariana Sindas
34,30715182242,VERTIV,NFE Alert,False,Mariana Sindas
34,30715182242,VERTIV,Acrobat Tools,True,Mariana Sindas
34,30715182242,VERTIV,Permisos de Embarque MOA Reingeniería,False,Mariana Sindas
34,30715182242,VERTIV,Calendarios Impositivos,True,Mariana Sindas
34,30715182242,VERTIV,Padrones Impositivos - ComplyPro,False,Mariana Sindas
34,30715182242,VERTIV,Control de duplicados - ComplyPro,False,Mariana Sindas
34,30715182242,VERTIV,Sumarizacion y control por totales - ComplyPro,False,Mariana Sindas
34,30715182242,VERTIV,Control de correlatividad - ComplyPro,False,Mariana Sindas
34,30715182242,VERTIV,Identificacion de registros faltantes - ComplyPro,False,Mariana Sindas
34,30715182242,VERTIV,Conciliacion de Deducciones - ComplyPro,False,Mariana Sindas
34,30715182242,VERTIV,Descarga de deducciones - ComplyPro,False,Mariana Sindas
35,00000000013,OSIDOFT,NFE Alert,False,Mariana Sindas
35,00000000013,OSIDOFT,Acrobat Tools,True,Mariana Sindas
35,00000000013,OSIDOFT,Permisos de Embarque MOA Reingeniería,False,Mariana Sindas
35,00000000013,OSIDOFT,Calendarios Impositivos,False,Mariana Sindas
35,00000000013,OSIDOFT,Padrones Impositivos - ComplyPro,False,Mariana Sindas
35,00000000013,OSIDOFT,Control de duplicados - ComplyPro,False,Mariana Sindas
35,00000000013,OSIDOFT,Sumarizacion y control por totales - ComplyPro,False,Mariana Sindas
35,00000000013,OSIDOFT,Control de correlatividad - ComplyPro,False,Mariana Sindas
35,00000000013,OSIDOFT,Identificacion de registros faltantes - ComplyPro,False,Mariana Sindas
35,00000000013,OSIDOFT,Conciliacion de Deducciones - ComplyPro,False,Mariana Sindas
35,00000000013,OSIDOFT,Descarga de deducciones - ComplyPro,False,Mariana Sindas
36,30712019359,LINKEDSTORE,NFE Alert,False,Mariana Sindas
36,30712019359,LINKEDSTORE,Acrobat Tools,True,Mariana Sindas
36,30712019359,LINKEDSTORE,Permisos de Embarque MOA Reingeniería,False,Mariana Sindas
36,30712019359,LINKEDSTORE,Calendarios Impositivos,True,Mariana Sindas
36,30712019359,LINKEDSTORE,Padrones Impositivos - ComplyPro,False,Mariana Sindas
36,30712019359,LINKEDSTORE,Control de duplicados - ComplyPro,False,Mariana Sindas
36,30712019359,LINKEDSTORE,Sumarizacion y control por totales - ComplyPro,False,Mariana Sindas
36,30712019359,LINKEDSTORE,Control de correlatividad - ComplyPro,False,Mariana Sindas
36,30712019359,LINKEDSTORE,Identificacion de registros faltantes - ComplyPro,False,Mariana Sindas
36,30712019359,LINKEDSTORE,Conciliacion de Deducciones - ComplyPro,False,Mariana Sindas
36,30712019359,LINKEDSTORE,Descarga de deducciones - ComplyPro,False,Mariana Sindas
37,30712399623,ABBVIE S.A.,NFE Alert,True,Ali Facundo
37,30712399623,ABBVIE S.A.,Acrobat Tools,False,Ali Facundo
37,30712399623,ABBVIE S.A.,Permisos de Embarque MOA Reingeniería,False,Ali Facundo
37,30712399623,ABBVIE S.A.,Calendarios Impositivos,True,Ali Facundo
37,30712399623,ABBVIE S.A.,Padrones Impositivos - ComplyPro,True,Ali Facundo
37,30712399623,ABBVIE S.A.,Control de duplicados - ComplyPro,False,Ali Facundo
37,30712399623,ABBVIE S.A.,Sumarizacion y control por totales - ComplyPro,False,Ali Facundo
37,30712399623,ABBVIE S.A.,Control de correlatividad - ComplyPro,False,Ali Facundo
37,30712399623,ABBVIE S.A.,Identificacion de registros faltantes - ComplyPro,False,Ali Facundo
37,30712399623,ABBVIE S.A.,Conciliacion de Deducciones - ComplyPro,False,Ali Facundo
37,30712399623,ABBVIE S.A.,Descarga de deducciones - ComplyPro,False,Ali Facundo
38,00000000016,JOHNSON & JOHNSON MEDICAL S.A.,NFE Alert,True,Ali Facundo
38,00000000016,JOHNSON & JOHNSON MEDICAL S.A.,Acrobat Tools,True,Ali Facundo
38,00000000016,JOHNSON & JOHNSON MEDICAL S.A.,Permisos de Embarque MOA Reingeniería,False,Ali Facundo
38,00000000016,JOHNSON & JOHNSON MEDICAL S.A.,Calendarios Impositivos,False,Ali Facundo
38,00000000016,JOHNSON & JOHNSON MEDICAL S.A.,Padrones Impositivos - ComplyPro,True,Ali Facundo
38,00000000016,JOHNSON & JOHNSON MEDICAL S.A.,Control de duplicados - ComplyPro,False,Ali Facundo
38,00000000016,JOHNSON & JOHNSON MEDICAL S.A.,Sumarizacion y control por totales - ComplyPro,False,Ali Facundo
38,00000000016,JOHNSON & JOHNSON MEDICAL S.A.,Control de correlatividad - ComplyPro,True,Ali Facundo
38,00000000016,JOHNSON & JOHNSON MEDICAL S.A.,Identificacion de registros faltantes - ComplyPro,False,Ali Facundo
38,00000000016,JOHNSON & JOHNSON MEDICAL S.A.,Conciliacion de Deducciones - ComplyPro,False,Ali Facundo
38,00000000016,JOHNSON & JOHNSON MEDICAL S.A.,Descarga de deducciones - ComplyPro,False,Ali Facundo
39,30710215800,BIOMARIN ARGENTINA SRL,NFE Alert,True,Ali Facundo
39,30710215800,BIOMARIN ARGENTINA SRL,Acrobat Tools,False,Ali Facundo
39,30710215800,BIOMARIN ARGENTINA SRL,Permisos de Embarque MOA Reingeniería,False,Ali Facundo
39,30710215800,BIOMARIN ARGENTINA SRL,Calendarios Impositivos,True,Ali Facundo
39,30710215800,BIOMARIN ARGENTINA SRL,Padrones Impositivos - ComplyPro,True,Ali Facundo
39,30710215800,BIOMARIN ARGENTINA SRL,Control de duplicados - ComplyPro,False,Ali Facundo
39,30710215800,BIOMARIN ARGENTINA SRL,Sumarizacion y control por totales - ComplyPro,False,Ali Facundo
39,30710215800,BIOMARIN ARGENTINA SRL,Control de correlatividad - ComplyPro,False,Ali Facundo
39,30710215800,BIOMARIN ARGENTINA SRL,Identificacion de registros faltantes - ComplyPro,False,Ali Facundo
39,30710215800,BIOMARIN ARGENTINA SRL,Conciliacion de Deducciones - ComplyPro,False,Ali Facundo
39,30710215800,BIOMARIN ARGENTINA SRL,Descarga de deducciones - ComplyPro,False,Ali Facundo
40,30677737545,INLAND SERVICES SA,NFE Alert,False,Ali Facundo
40,30677737545,INLAND SERVICES SA,Acrobat Tools,False,Ali Facundo
40,30677737545,INLAND SERVICES SA,Permisos de Embarque MOA Reingeniería,False,Ali Facundo
40,30677737545,INLAND SERVICES SA,Calendarios Impositivos,True,Ali Facundo
40,30677737545,INLAND SERVICES SA,Padrones Impositivos - ComplyPro,True,Ali Facundo
40,30677737545,INLAND SERVICES SA,Control de duplicados - ComplyPro,False,Ali Facundo
40,30677737545,INLAND SERVICES SA,Sumarizacion y control por totales - ComplyPro,False,Ali Facundo
40,30677737545,INLAND SERVICES SA,Control de correlatividad - ComplyPro,False,Ali Facundo
40,30677737545,INLAND SERVICES SA,Identificacion de registros faltantes - ComplyPro,False,Ali Facundo
40,30677737545,INLAND SERVICES SA,Conciliacion de Deducciones - ComplyPro,False,Ali Facundo
40,30677737545,INLAND SERVICES SA,Descarga de deducciones - ComplyPro,False,Ali Facundo
41,30714895865,SVITZER ARGENTINA S.A.U.,NFE Alert,False,Ali Facundo
41,30714895865,SVITZER ARGENTINA S.A.U.,Acrobat Tools,False,Ali Facundo
41,30714895865,SVITZER ARGENTINA S.A.U.,Permisos de Embarque MOA Reingeniería,False,Ali Facundo
41,30714895865,SVITZER ARGENTINA S.A.U.,Calendarios Impositivos,True,Ali Facundo
41,30714895865,SVITZER ARGENTINA S.A.U.,Padrones Impositivos - ComplyPro,True,Ali Facundo
41,30714895865,SVITZER ARGENTINA S.A.U.,Control de duplicados - ComplyPro,False,Ali Facundo
41,30714895865,SVITZER ARGENTINA S.A.U.,Sumarizacion y control por totales - ComplyPro,False,Ali Facundo
41,30714895865,SVITZER ARGENTINA S.A.U.,Control de correlatividad - ComplyPro,False,Ali Facundo
41,30714895865,SVITZER ARGENTINA S.A.U.,Identificacion de registros faltantes - ComplyPro,False,Ali Facundo
41,30714895865,SVITZER ARGENTINA S.A.U.,Conciliacion de Deducciones - ComplyPro,False,Ali Facundo
41,30714895865,SVITZER ARGENTINA S.A.U.,Descarga de deducciones - ComplyPro,False,Ali Facundo
42,30716426935,ADVANCED STERILIZATION PRODUCTS S.A.S.,NFE Alert,False,Ali Facundo
42,30716426935,ADVANCED STERILIZATION PRODUCTS S.A.S.,Acrobat Tools,False,Ali Facundo
42,30716426935,ADVANCED STERILIZATION PRODUCTS S.A.S.,Permisos de Embarque MOA Reingeniería,False,Ali Facundo
42,30716426935,ADVANCED STERILIZATION PRODUCTS S.A.S.,Calendarios Impositivos,True,Ali Facundo
42,30716426935,ADVANCED STERILIZATION PRODUCTS S.A.S.,Padrones Impositivos - ComplyPro,True,Ali Facundo
42,30716426935,ADVANCED STERILIZATION PRODUCTS S.A.S.,Control de duplicados - ComplyPro,False,Ali Facundo
42,30716426935,ADVANCED STERILIZATION PRODUCTS S.A.S.,Sumarizacion y control por totales - ComplyPro,False,Ali Facundo
42,30716426935,ADVANCED STERILIZATION PRODUCTS S.A.S.,Control de correlatividad - ComplyPro,False,Ali Facundo
42,30716426935,ADVANCED STERILIZATION PRODUCTS S.A.S.,Identificacion de registros faltantes - ComplyPro,False,Ali Facundo
42,30716426935,ADVANCED STERILIZATION PRODUCTS S.A.S.,Conciliacion de Deducciones - ComplyPro,False,Ali Facundo
42,30716426935,ADVANCED STERILIZATION PRODUCTS S.A.S.,Descarga de deducciones - ComplyPro,False,Ali Facundo
43,30598129246,JANSSEN CILAG FARMACEUTICA S.A.,NFE Alert,True,Ali Facundo
43,30598129246,JANSSEN CILAG FARMACEUTICA S.A.,Acrobat Tools,True,Ali Facundo
43,30598129246,JANSSEN CILAG FARMACEUTICA S.A.,Permisos de Embarque MOA Reingeniería,False,Ali Facundo
43,30598129246,JANSSEN CILAG FARMACEUTICA S.A.,Calendarios Impositivos,True,Ali Facundo
43,30598129246,JANSSEN CILAG FARMACEUTICA S.A.,Padrones Impositivos - ComplyPro,True,Ali Facundo
43,30598129246,JANSSEN CILAG FARMACEUTICA S.A.,Control de duplicados - ComplyPro,False,Ali Facundo
43,30598129246,JANSSEN CILAG FARMACEUTICA S.A.,Sumarizacion y control por totales - ComplyPro,False,Ali Facundo
43,30598129246,JANSSEN CILAG FARMACEUTICA S.A.,Control de correlatividad - ComplyPro,False,Ali Facundo
43,30598129246,JANSSEN CILAG FARMACEUTICA S.A.,Identificacion de registros faltantes - ComplyPro,False,Ali Facundo
43,30598129246,JANSSEN CILAG FARMACEUTICA S.A.,Conciliacion de Deducciones - ComplyPro,False,Ali Facundo
43,30598129246,JANSSEN CILAG FARMACEUTICA S.A.,Descarga de deducciones - ComplyPro,False,Ali Facundo
44,30717634248,J&J Argentina S.A.,NFE Alert,True,Ali Facundo
44,30717634248,J&J Argentina S.A.,Acrobat Tools,False,Ali Facundo
44,30717634248,J&J Argentina S.A.,Permisos de Embarque MOA Reingeniería,False,Ali Facundo
44,30717634248,J&J Argentina S.A.,Calendarios Impositivos,True,Ali Facundo
44,30717634248,J&J Argentina S.A.,Padrones Impositivos - ComplyPro,True,Ali Facundo
44,30717634248,J&J Argentina S.A.,Control de duplicados - ComplyPro,False,Ali Facundo
44,30717634248,J&J Argentina S.A.,Sumarizacion y control por totales - ComplyPro,False,Ali Facundo
44,30717634248,J&J Argentina S.A.,Control de correlatividad - ComplyPro,False,Ali Facundo
44,30717634248,J&J Argentina S.A.,Identificacion de registros faltantes - ComplyPro,False,Ali Facundo
44,30717634248,J&J Argentina S.A.,Conciliacion de Deducciones - ComplyPro,False,Ali Facundo
44,30717634248,J&J Argentina S.A.,Descarga de deducciones - ComplyPro,False,Ali Facundo
45,33661932509,IGT ARGENTINA SA,NFE Alert,False,Ali Facundo
45,33661932509,IGT ARGENTINA SA,Acrobat Tools,False,Ali Facundo
45,33661932509,IGT ARGENTINA SA,Permisos de Embarque MOA Reingeniería,False,Ali Facundo
45,33661932509,IGT ARGENTINA SA,Calendarios Impositivos,True,Ali Facundo
45,33661932509,IGT ARGENTINA SA,Padrones Impositivos - ComplyPro,True,Ali Facundo
45,33661932509,IGT ARGENTINA SA,Control de duplicados - ComplyPro,False,Ali Facundo
45,33661932509,IGT ARGENTINA SA,Sumarizacion y control por totales - ComplyPro,False,Ali Facundo
45,33661932509,IGT ARGENTINA SA,Control de correlatividad - ComplyPro,False,Ali Facundo
45,33661932509,IGT ARGENTINA SA,Identificacion de registros faltantes - ComplyPro,False,Ali Facundo
45,33661932509,IGT ARGENTINA SA,Conciliacion de Deducciones - ComplyPro,False,Ali Facundo
45,33661932509,IGT ARGENTINA SA,Descarga de deducciones - ComplyPro,False,Ali Facundo
46,30629416249,INGREDION ARGENTINA SA,NFE Alert,False,Ali Facundo
46,30629416249,INGREDION ARGENTINA SA,Acrobat Tools,False,Ali Facundo
46,30629416249,INGREDION ARGENTINA SA,Permisos de Embarque MOA Reingeniería,False,Ali Facundo
46,30629416249,INGREDION ARGENTINA SA,Calendarios Impositivos,True,Ali Facundo
46,30629416249,INGREDION ARGENTINA SA,Padrones Impositivos - ComplyPro,True,Ali Facundo
46,30629416249,INGREDION ARGENTINA SA,Control de duplicados - ComplyPro,False,Ali Facundo
46,30629416249,INGREDION ARGENTINA SA,Sumarizacion y control por totales - ComplyPro,False,Ali Facundo
46,30629416249,INGREDION ARGENTINA SA,Control de correlatividad - ComplyPro,False,Ali Facundo
46,30629416249,INGREDION ARGENTINA SA,Identificacion de registros faltantes - ComplyPro,False,Ali Facundo
46,30629416249,INGREDION ARGENTINA SA,Conciliacion de Deducciones - ComplyPro,False,Ali Facundo
46,30629416249,INGREDION ARGENTINA SA,Descarga de deducciones - ComplyPro,False,Ali Facundo
47,30637030651,Munchener de Argentina Servicios Tecnicos SRL (MA),NFE Alert,False,Ali Facundo
47,30637030651,Munchener de Argentina Servicios Tecnicos SRL (MA),Acrobat Tools,False,Ali Facundo
47,30637030651,Munchener de Argentina Servicios Tecnicos SRL (MA),Permisos de Embarque MOA Reingeniería,False,Ali Facundo
47,30637030651,Munchener de Argentina Servicios Tecnicos SRL (MA),Calendarios Impositivos,True,Ali Facundo
47,30637030651,Munchener de Argentina Servicios Tecnicos SRL (MA),Padrones Impositivos - ComplyPro,True,Ali Facundo
47,30637030651,Munchener de Argentina Servicios Tecnicos SRL (MA),Control de duplicados - ComplyPro,False,Ali Facundo
47,30637030651,Munchener de Argentina Servicios Tecnicos SRL (MA),Sumarizacion y control por totales - ComplyPro,False,Ali Facundo
47,30637030651,Munchener de Argentina Servicios Tecnicos SRL (MA),Control de correlatividad - ComplyPro,False,Ali Facundo
47,30637030651,Munchener de Argentina Servicios Tecnicos SRL (MA),Identificacion de registros faltantes - ComplyPro,False,Ali Facundo
47,30637030651,Munchener de Argentina Servicios Tecnicos SRL (MA),Conciliacion de Deducciones - ComplyPro,False,Ali Facundo
47,30637030651,Munchener de Argentina Servicios Tecnicos SRL (MA),Descarga de deducciones - ComplyPro,False,Ali Facundo
59,202354810,NFE Alert,No,False,
59,202354810,Acrobat Tools,No,False,
59,202354810,Permisos de Embarque MOA Reingeniería,No,False,
59,202354810,Calendarios Impositivos,No,False,
59,202354810,Padrones Impositivos - ComplyPro,No,False,
59,202354810,Control de duplicados - ComplyPro,No,False,
59,202354810,Sumarización y control por totales - ComplyPro,No,False,
59,202354810,Control de correlatividad - ComplyPro,No,False,
59,202354810,Identificación de registros faltantes - ComplyPro,No,False,
59,202354810,Conciliación de Deducciones - ComplyPro,No,False,
59,202354810,Descarga de deducciones - ComplyPro,No,False,
63,208989998,NFE Alert,No,False,
63,208989998,Acrobat Tools,No,False,
63,208989998,Permisos de Embarque MOA Reingeniería,No,False,
63,208989998,Calendarios Impositivos,No,False,
63,208989998,Padrones Impositivos - ComplyPro,No,False,
63,208989998,Control de duplicados - ComplyPro,No,False,
63,208989998,Sumarización y control por totales - ComplyPro,No,False,
63,208989998,Control de correlatividad - ComplyPro,No,False,
63,208989998,Identificación de registros faltantes - ComplyPro,No,False,
63,208989998,Conciliación de Deducciones - ComplyPro,No,False,
63,208989998,Descarga de deducciones - ComplyPro,No,False,
64,258589631,CLIENTE 11,NFE Alert,False,
64,258589631,CLIENTE 11,Acrobat Tools,False,
64,258589631,CLIENTE 11,Permisos de Embarque MOA Reingeniería,False,
64,258589631,CLIENTE 11,Calendarios Impositivos,False,
64,258589631,CLIENTE 11,Padrones Impositivos - ComplyPro,False,
64,258589631,CLIENTE 11,Control de duplicados - ComplyPro,False,
64,258589631,CLIENTE 11,Sumarización y control por totales - ComplyPro,False,
64,258589631,CLIENTE 11,Control de correlatividad - ComplyPro,False,
64,258589631,CLIENTE 11,Identificación de registros faltantes - ComplyPro,False,
64,258589631,CLIENTE 11,Conciliación de Deducciones - ComplyPro,False,
64,258589631,CLIENTE 11,Descarga de deducciones - ComplyPro,False,
